timestamp,game_id,players
2026-10-01T00:13:06Z,189707,9085
2026-10-01T00:13:06Z,192800,3618
2026-10-01T00:13:06Z,13822889,6441
2026-10-01T00:13:06Z,20321167,3534
2026-10-01T00:13:06Z,21532277,2747
2026-10-01T00:13:06Z,31490825,681
2026-10-01T00:13:06Z,69184822,3511
2026-10-01T00:13:06Z,71315343,2111
2026-10-01T00:13:06Z,121748721,575
2026-10-01T00:13:06Z,142823291,203762
2026-10-01T00:13:06Z,155382109,872
2026-10-01T00:13:06Z,155615604,6913
2026-10-01T00:13:06Z,166731267,1101
2026-10-01T00:13:06Z,166986752,4729
2026-10-01T00:13:06Z,174238106,1598
2026-10-01T00:13:06Z,183364845,1131
2026-10-01T00:13:06Z,185655149,18474
2026-10-01T00:13:06Z,205224386,1430
2026-10-01T00:13:06Z,221718525,782
2026-10-01T00:13:06Z,253431746,1217
2026-10-01T00:13:06Z,263761432,1310
2026-10-01T00:13:06Z,277751860,1984
2026-10-01T00:13:06Z,286090429,3215
2026-10-01T00:13:06Z,292439477,2058
2026-10-01T00:13:06Z,292628125,1301
2026-10-01T00:13:06Z,294790062,542
2026-10-01T00:13:06Z,301549746,571
2026-10-01T00:13:06Z,328028363,830
2026-10-01T00:13:06Z,334730614,659
2026-10-01T00:13:06Z,335760407,679
2026-10-01T00:13:06Z,373513488,872
2026-10-01T00:13:06Z,443406476,778
2026-10-01T00:13:06Z,490844322,577
2026-10-01T00:13:06Z,537413528,11127
2026-10-01T00:13:06Z,606849621,7279
2026-10-01T00:13:06Z,654732683,2096
2026-10-01T00:13:06Z,662417684,591
2026-10-01T00:13:06Z,735030788,11502
2026-10-01T00:13:06Z,815405518,2004
2026-10-01T00:13:06Z,863266079,2397
2026-10-01T00:13:06Z,891852901,9420
2026-10-01T00:13:06Z,893973440,27861
2026-10-01T00:13:06Z,920587237,119408
2026-10-01T00:13:06Z,1128650291,975
2026-10-01T00:13:06Z,1185902301,612
2026-10-01T00:13:06Z,1324061305,716
2026-10-01T00:13:06Z,1343871267,1471
2026-10-01T00:13:06Z,1365404657,4467
2026-10-01T00:13:06Z,1458767429,19520
2026-10-01T00:13:06Z,1537690962,21965
2026-10-01T00:13:06Z,1554960397,2457
2026-10-01T00:13:06Z,1588965415,1214
2026-10-01T00:13:06Z,1730877806,9730
2026-10-01T00:13:06Z,1962086868,9195
2026-10-01T00:13:06Z,2166944189,801
2026-10-01T00:13:06Z,2317712696,610
2026-10-01T00:13:06Z,2338325648,16835
2026-10-01T00:13:06Z,2418863943,3906
2026-10-01T00:13:06Z,2474168535,698
2026-10-01T00:13:06Z,2512643572,2379
2026-10-01T00:13:06Z,2534724415,12459
2026-10-01T00:13:06Z,2537430692,600
2026-10-01T00:13:06Z,2551991523,2855
2026-10-01T00:13:06Z,2569453732,1393
2026-10-01T00:13:06Z,2693023319,1855
2026-10-01T00:13:06Z,2727067538,1948
2026-10-01T00:13:06Z,2753915549,173735
2026-10-01T00:13:06Z,2768379856,6053
2026-10-01T00:13:06Z,2772610559,1274
2026-10-01T00:13:06Z,2778230703,1147
2026-10-01T00:13:06Z,2788229376,2658
2026-10-01T00:13:06Z,2809202155,4567
2026-10-01T00:13:06Z,2830250344,648
2026-10-01T00:13:06Z,2913303231,1290
2026-10-01T00:13:06Z,2916899287,3235
2026-10-01T00:13:06Z,2968914904,1806
2026-10-01T00:13:06Z,3016661674,701
2026-10-01T00:13:06Z,3177438863,585
2026-10-01T00:13:06Z,3214114884,838
2026-10-01T00:13:06Z,3242417672,1699
2026-10-01T00:13:06Z,3255508650,530
2026-10-01T00:13:06Z,3260590327,9169
2026-10-01T00:13:06Z,3261957210,885
2026-10-01T00:13:06Z,3272915504,554
2026-10-01T00:13:06Z,3339374541,623
2026-10-01T00:13:06Z,3351674303,19122
2026-10-01T00:13:06Z,3398014311,1022
2026-10-01T00:13:06Z,3457390032,3120
2026-10-01T00:13:06Z,3475397644,4958
2026-10-01T00:13:06Z,3618661625,576
2026-10-01T00:13:06Z,3623096087,6825
2026-10-01T00:13:06Z,3631820248,5762
2026-10-01T00:13:06Z,3663340706,8315
2026-10-01T00:13:06Z,3678761576,2902
2026-10-01T00:13:06Z,3690950427,982
2026-10-01T00:13:06Z,3823781113,1439
2026-10-01T00:13:06Z,3837864717,513
2026-10-01T00:13:06Z,3851622790,1883
2026-10-01T00:13:06Z,3891618314,942
2026-10-01T00:13:06Z,3956818381,518
2026-10-01T00:13:06Z,4104106043,999
2026-10-01T00:13:06Z,4110892437,551
2026-10-01T00:13:06Z,4111023553,3335
2026-10-01T00:13:06Z,4282985734,1796
2026-10-01T00:13:06Z,4448566543,1281
2026-10-01T00:13:06Z,4480809144,1454
2026-10-01T00:13:06Z,4520749081,4351
2026-10-01T00:13:06Z,4522347649,957
2026-10-01T00:13:06Z,4566572536,1485
2026-10-01T00:13:06Z,4580204640,3063
2026-10-01T00:13:06Z,4588604953,1728
2026-10-01T00:13:06Z,4616652839,3451
2026-10-01T00:13:06Z,4623386862,11996
2026-10-01T00:13:06Z,4637668954,4093
2026-10-01T00:13:06Z,4639625707,6367
2026-10-01T00:13:06Z,4640354700,660
2026-10-01T00:13:06Z,4646477729,914
2026-10-01T00:13:06Z,4796443083,1310
2026-10-01T00:13:06Z,4830581890,1016
2026-10-01T00:13:06Z,4832438542,1238
2026-10-01T00:13:06Z,4850533156,1194
2026-10-01T00:13:06Z,4850588087,2749
2026-10-01T00:13:06Z,4855457388,567
2026-10-01T00:13:06Z,4872321990,618
2026-10-01T00:13:06Z,4889315193,2482
2026-10-01T00:13:06Z,4898233867,992
2026-10-01T00:13:06Z,4924922222,315983
2026-10-01T00:13:06Z,4954096313,1896
2026-10-01T00:13:06Z,4967465336,513
2026-10-01T00:13:06Z,4972091010,582
2026-10-01T00:13:06Z,4972273297,1897
2026-10-01T00:13:06Z,4991214437,517
2026-10-01T00:13:06Z,4992570197,630
2026-10-01T00:13:06Z,4996049426,1717
2026-10-01T00:13:06Z,5041144419,1554
2026-10-01T00:13:06Z,5104202731,870
2026-10-01T00:13:06Z,5116869569,622
2026-10-01T00:13:06Z,5118969548,2813
2026-10-01T00:13:06Z,5130598377,1240
2026-10-01T00:13:06Z,5133040469,528
2026-10-01T00:13:06Z,5140123832,720
2026-10-01T00:13:06Z,5152425034,1103
2026-10-01T00:13:06Z,5154858502,657
2026-10-01T00:13:06Z,5171093784,1235
2026-10-01T00:13:06Z,5171347293,2395
2026-10-01T00:13:06Z,5233782396,21155
2026-10-01T00:13:06Z,5244411056,2073
2026-10-01T00:13:06Z,5286116071,1434
2026-10-01T00:13:06Z,5289509545,12133
2026-10-01T00:13:06Z,5343994291,646
2026-10-01T00:13:06Z,5391778736,587
2026-10-01T00:13:06Z,5407396567,750
2026-10-01T00:13:06Z,5571328985,2039
2026-10-01T00:13:06Z,5593925613,2869
2026-10-01T00:13:06Z,5670218884,2094
2026-10-01T00:13:06Z,5671985295,2603
2026-10-01T00:13:06Z,5683833663,900
2026-10-01T00:13:06Z,5702593762,1353
2026-10-01T00:13:06Z,5712833750,2617
2026-10-01T00:13:06Z,5717952758,653
2026-10-01T00:13:06Z,5777099015,1737
2026-10-01T00:13:06Z,5814304937,596
2026-10-01T00:13:06Z,5846386835,689
2026-10-01T00:13:06Z,5856880701,1030
2026-10-01T00:13:06Z,5865858426,1256
2026-10-01T00:13:06Z,5901440255,1191
2026-10-01T00:13:06Z,5926001758,1109
2026-10-01T00:13:06Z,5974747216,751
2026-10-01T00:13:06Z,5976159288,750
2026-10-01T00:13:06Z,5984006660,1090
2026-10-01T00:13:06Z,5985232436,3823
2026-10-01T00:13:06Z,6020247720,1015
2026-10-01T00:13:06Z,6066404016,507
2026-10-01T00:13:06Z,6104994594,2811
2026-10-01T00:13:06Z,6128441278,631
2026-10-01T00:13:06Z,6132958612,641
2026-10-01T00:13:06Z,6137321701,738
2026-10-01T00:13:06Z,6153766069,1638
2026-10-01T00:13:06Z,6161235818,2504
2026-10-01T00:13:06Z,6205205961,8660
2026-10-01T00:13:06Z,6218169544,719
2026-10-01T00:13:06Z,6222531507,680
2026-10-01T00:13:06Z,6243699076,1865
2026-10-01T00:13:06Z,6263431107,1871
2026-10-01T00:13:06Z,6270290407,854
2026-10-01T00:13:06Z,6299805723,1699
2026-10-01T00:13:06Z,6305582775,607
2026-10-01T00:13:06Z,6349094071,919
2026-10-01T00:13:06Z,6358567974,8086
2026-10-01T00:13:06Z,6366329104,2590
2026-10-01T00:13:06Z,6377740507,1613
2026-10-01T00:13:06Z,6382584061,3598
2026-10-01T00:13:06Z,6403373529,7233
2026-10-01T00:13:06Z,6445435958,874
2026-10-01T00:13:06Z,6447798030,2804
2026-10-01T00:13:06Z,6456351776,633
2026-10-01T00:13:06Z,6507422231,3774
2026-10-01T00:13:06Z,6516141723,36630
2026-10-01T00:13:06Z,6520999642,1844
2026-10-01T00:13:06Z,6608498361,730
2026-10-01T00:13:06Z,6686932749,1004
2026-10-01T00:13:06Z,6698800091,2138
2026-10-01T00:13:06Z,6717367660,674
2026-10-01T00:13:06Z,6727915552,1216
2026-10-01T00:13:06Z,6737970321,2203
2026-10-01T00:13:06Z,6792057800,604
2026-10-01T00:13:06Z,6804602922,2675
2026-10-01T00:13:06Z,6816975827,2839
2026-10-01T00:13:06Z,6847090259,535
2026-10-01T00:13:06Z,6872265039,29511
2026-10-01T00:13:06Z,6875747014,1680
2026-10-01T00:13:06Z,6884319169,3222
2026-10-01T00:13:06Z,6911148748,1278
2026-10-01T00:13:06Z,6915976310,1063
2026-10-01T00:13:06Z,6918802270,929
2026-10-01T00:13:06Z,6934310111,2442
2026-10-01T00:13:06Z,6939111033,1516
2026-10-01T00:13:06Z,6961824067,18841
2026-10-01T00:13:06Z,6989310863,4041
2026-10-01T00:13:06Z,7041939546,65574
2026-10-01T00:13:06Z,7071444234,1246
2026-10-01T00:13:06Z,7074772062,1989
2026-10-01T00:13:06Z,7117492592,2270
2026-10-01T00:13:06Z,7138009149,8086
2026-10-01T00:13:06Z,7171174521,14432
2026-10-01T00:13:06Z,7180042682,1871
2026-10-01T00:13:06Z,7205641391,612
2026-10-01T00:13:06Z,7241858214,1631
2026-10-01T00:13:06Z,7243409883,3401
2026-10-01T00:13:06Z,7253149844,542
2026-10-01T00:13:06Z,7305309231,4207
2026-10-01T00:13:06Z,7336302630,2140
2026-10-01T00:13:06Z,7367863399,1445
2026-10-01T00:13:06Z,7491927311,1315
2026-10-01T00:13:06Z,7554888362,11677
2026-10-01T00:13:06Z,7577961216,1705
2026-10-01T00:13:06Z,7605357829,1576
2026-10-01T00:13:06Z,7670825572,3281
2026-10-01T00:13:06Z,7711635737,1717
2026-10-01T00:13:06Z,7772810845,4314
2026-10-01T00:13:06Z,7871169780,951
2026-10-01T00:13:06Z,7896264844,1124
2026-10-01T00:13:06Z,7971857341,2049
2026-10-01T00:13:06Z,7991339063,5692
2026-10-01T00:13:06Z,8003084678,1164
2026-10-01T00:13:06Z,8034026074,1092
2026-10-01T00:13:06Z,8075399143,2615
2026-10-01T00:13:06Z,8122612051,1198
2026-10-01T00:13:06Z,8200787440,952
2026-10-01T00:13:06Z,8204899140,1635
2026-10-01T00:13:06Z,8246874626,3029
2026-10-01T00:13:06Z,8260276694,1733
2026-10-01T00:13:06Z,8304191830,1896
2026-10-01T00:13:06Z,8305160617,1693
2026-10-01T00:13:06Z,8317834514,3443
2026-10-01T00:13:06Z,8328351891,1131
2026-10-01T00:13:06Z,8369888266,2673
2026-10-01T00:13:06Z,8388259310,1184
2026-10-01T00:13:06Z,8416249767,802
2026-10-01T00:13:06Z,8440392280,565
2026-10-01T00:13:06Z,8481844229,37603
2026-10-01T00:13:06Z,8542259458,1422
2026-10-01T00:13:06Z,8554378337,668
2026-10-01T00:13:06Z,8562822414,969
2026-10-01T00:13:06Z,8571687919,921
2026-10-01T00:13:06Z,8657766101,797
2026-10-01T00:13:06Z,8704997000,7488
2026-10-01T00:13:06Z,8712817601,8126
2026-10-01T00:13:06Z,8737602449,2445
2026-10-01T00:13:06Z,8737899170,32605
2026-10-01T00:13:06Z,8831256282,578
2026-10-01T00:13:06Z,8838701772,1158
2026-10-01T00:13:06Z,8840562096,532
2026-10-01T00:13:06Z,8867129986,607
2026-10-01T00:13:06Z,8884433153,2911
2026-10-01T00:13:06Z,8908228901,860
2026-10-01T00:13:06Z,9049840490,4166
2026-10-01T00:13:06Z,9089190262,2103
2026-10-01T00:13:06Z,9096881148,2619
2026-10-01T00:13:06Z,9099326192,867
2026-10-01T00:13:06Z,9120716669,910
2026-10-01T00:13:06Z,9169654849,664
2026-10-01T00:13:06Z,9192423027,2219
2026-10-01T00:13:06Z,9224601490,2311
2026-10-01T00:13:06Z,9273658706,1049
2026-10-01T00:13:06Z,9346039031,519
2026-10-01T00:13:06Z,9372570969,770
2026-10-01T00:13:06Z,9391468976,138800
2026-10-01T00:13:06Z,9404223526,1278
2026-10-01T00:13:06Z,9414511685,942
2026-10-01T00:13:06Z,9503261072,5345
2026-10-01T00:13:06Z,9534337535,1115
2026-10-01T00:13:06Z,9558986910,937
2026-10-01T00:13:06Z,9731376817,1624
2026-10-01T00:13:06Z,9772878203,556
2026-10-01T00:13:06Z,9791603388,1805
2026-10-01T00:13:06Z,9825515356,521
2026-10-01T00:13:06Z,9872472334,20661
2026-10-01T00:13:06Z,9879422661,571
2026-10-01T00:13:06Z,9922455303,1485
2026-10-01T00:13:06Z,9938675423,535
2026-10-01T00:13:06Z,10075248947,1381
2026-10-01T00:13:06Z,10110568567,779
2026-10-01T00:13:06Z,10149471313,761
2026-10-01T00:13:06Z,10165583746,6201
2026-10-01T00:13:06Z,10179538382,2258
2026-10-01T00:13:06Z,10204250851,622
2026-10-01T00:13:06Z,10224049386,1878
2026-10-01T00:13:06Z,10228136016,756
2026-10-01T00:13:06Z,10253248401,2744
2026-10-01T00:13:06Z,10260193230,1333
2026-10-01T00:13:06Z,10272636261,530
2026-10-01T00:13:06Z,10277607801,638
2026-10-01T00:13:06Z,10290376430,1004
2026-10-01T00:13:06Z,10449761463,44339
2026-10-01T00:13:06Z,10450270085,1236
2026-10-01T00:13:06Z,10576142169,1851
2026-10-01T00:13:06Z,10595058975,559
2026-10-01T00:13:06Z,10660791703,1210
2026-10-01T00:13:06Z,10679239752,964
2026-10-01T00:13:06Z,10696301650,1108
2026-10-01T00:13:06Z,10704789056,1444
2026-10-01T00:13:06Z,10726371567,754
2026-10-01T00:13:06Z,10745043766,743
2026-10-01T00:13:06Z,10834586502,2954
2026-10-01T00:13:06Z,10912405603,972
2026-10-01T00:13:06Z,10941514720,1911
2026-10-01T00:13:06Z,10959918411,1063
2026-10-01T00:13:06Z,11137575513,667
2026-10-01T00:13:06Z,11158043705,8799
2026-10-01T00:13:06Z,11232592166,908
2026-10-01T00:13:06Z,11273483795,826
2026-10-01T00:13:06Z,11276071411,1424
2026-10-01T00:13:06Z,11364087119,1438
2026-10-01T00:13:06Z,11379739543,11389
2026-10-01T00:13:06Z,11392373641,2467
2026-10-01T00:13:06Z,11451679682,532
2026-10-01T00:13:06Z,11573027469,584
2026-10-01T00:13:06Z,11653088948,1637
2026-10-01T00:13:06Z,11684369582,772
2026-10-01T00:13:06Z,11694307960,715
2026-10-01T00:13:06Z,11727501024,2695
2026-10-01T00:13:06Z,11729688377,792
2026-10-01T00:13:06Z,11765402359,7788
2026-10-01T00:13:06Z,11782774748,2690
2026-10-01T00:13:06Z,11815767793,2394
2026-10-01T00:13:06Z,11832484500,665
2026-10-01T00:13:06Z,11848247239,721
2026-10-01T00:13:06Z,11862502039,1584
2026-10-01T00:13:06Z,11928087342,1002
2026-10-01T00:13:06Z,11945996815,741
2026-10-01T00:13:06Z,12068120918,521
2026-10-01T00:13:06Z,12076775711,1146
2026-10-01T00:13:06Z,12077443856,1771
2026-10-01T00:13:06Z,12090482034,1356
2026-10-01T00:13:06Z,12177325772,11616
2026-10-01T00:13:06Z,12262046571,1744
2026-10-01T00:13:06Z,12334109280,6809
2026-10-01T00:13:06Z,12338455185,1020
2026-10-01T00:13:06Z,12355337193,7734
2026-10-01T00:13:06Z,12397515839,1408
2026-10-01T00:13:06Z,12398038681,812
2026-10-01T00:13:06Z,12407250267,1478
2026-10-01T00:13:06Z,12411473842,1254
2026-10-01T00:13:06Z,12495498157,1358
2026-10-01T00:13:06Z,12550651382,789
2026-10-01T00:13:06Z,12593620250,5148
2026-10-01T00:13:06Z,12640491155,1557
2026-10-01T00:13:06Z,12673840215,648
2026-10-01T00:13:06Z,12699642568,5909
2026-10-01T00:13:06Z,12828227139,1096
2026-10-01T00:13:06Z,12847474373,1323
2026-10-01T00:13:06Z,12912701243,655
2026-10-01T00:13:06Z,12912731475,2982
2026-10-01T00:13:06Z,12931609417,2988
2026-10-01T00:13:06Z,12985361032,6873
2026-10-01T00:13:06Z,12997619803,908
2026-10-01T00:13:06Z,13042495892,1273
2026-10-01T00:13:06Z,13076380114,5797
2026-10-01T00:13:06Z,13083893317,1249
2026-10-01T00:13:06Z,13110267312,650
2026-10-01T00:13:06Z,13118814103,1141
2026-10-01T00:13:06Z,13127800756,1523
2026-10-01T00:13:06Z,13159565330,1862
2026-10-01T00:13:06Z,13166293021,1720
2026-10-01T00:13:06Z,13184713709,1001
2026-10-01T00:13:06Z,13189735542,640
2026-10-01T00:13:06Z,13379208636,13134
2026-10-01T00:13:06Z,13416197699,3679
2026-10-01T00:13:06Z,13416514259,635
2026-10-01T00:13:06Z,13429790955,1563
2026-10-01T00:13:06Z,13438553315,537
2026-10-01T00:13:06Z,13473615074,2029
2026-10-01T00:13:06Z,13482468151,2852
2026-10-01T00:13:06Z,13587601484,725
2026-10-01T00:13:06Z,13600218266,15904
2026-10-01T00:13:06Z,13621938427,7778
2026-10-01T00:13:06Z,13664698400,4682
2026-10-01T00:13:06Z,13687899540,8177
2026-10-01T00:13:06Z,13755196581,2808
2026-10-01T00:13:06Z,13772394625,15014
2026-10-01T00:13:06Z,13775256536,2532
2026-10-01T00:13:06Z,13794093709,569
2026-10-01T00:13:06Z,13796645198,1329
2026-10-01T00:13:06Z,13822562292,3797
2026-10-01T00:13:06Z,13827198708,560
2026-10-01T00:13:06Z,13864661000,1478
2026-10-01T00:13:06Z,13946745315,636
2026-10-01T00:13:06Z,13955927965,1495
2026-10-01T00:13:06Z,13967668166,32275
2026-10-01T00:13:06Z,13999660589,3032
2026-10-01T00:13:06Z,14026026722,603
2026-10-01T00:13:06Z,14038329225,846
2026-10-01T00:13:06Z,14044547200,1570
2026-10-01T00:13:06Z,14161770735,940
2026-10-01T00:13:06Z,14184086618,1323
2026-10-01T00:13:06Z,14212732626,1861
2026-10-01T00:13:06Z,14236925335,3759
2026-10-01T00:13:06Z,14237585680,771
2026-10-01T00:13:06Z,14238596528,3041
2026-10-01T00:13:06Z,14259168147,4381
2026-10-01T00:13:06Z,14259358984,803
2026-10-01T00:13:06Z,14279693118,904
2026-10-01T00:13:06Z,14301835518,2481
2026-10-01T00:13:06Z,14313259147,733
2026-10-01T00:13:06Z,14315258385,31718
2026-10-01T00:13:06Z,14337656835,762
2026-10-01T00:13:06Z,14422394494,5168
2026-10-01T00:13:06Z,14437001043,1527
2026-10-01T00:13:06Z,14438406081,3842
2026-10-01T00:13:06Z,14449145868,1825
2026-10-01T00:13:06Z,14451515684,2652
2026-10-01T00:13:06Z,14458936637,1463
2026-10-01T00:13:06Z,14475396559,2035
2026-10-01T00:13:06Z,14518422161,798
2026-10-01T00:13:06Z,14564651437,2743
2026-10-01T00:13:06Z,14567590300,2097
2026-10-01T00:13:06Z,14569384529,562
2026-10-01T00:13:06Z,14608970270,10698
2026-10-01T00:13:06Z,14721282186,671
2026-10-01T00:13:06Z,14737542240,792
2026-10-01T00:13:06Z,14772802900,3013
2026-10-01T00:13:06Z,14776071100,502
2026-10-01T00:13:06Z,14787369036,845
2026-10-01T00:13:06Z,14823220100,987
2026-10-01T00:13:06Z,14833592591,858
2026-10-01T00:13:06Z,14835828495,1814
2026-10-01T00:13:06Z,14842128242,884
2026-10-01T00:13:06Z,14852797539,2334
2026-10-01T00:13:06Z,15002061926,5946
2026-10-01T00:13:06Z,15027718878,817
2026-10-01T00:13:06Z,15077422637,541
2026-10-01T00:13:06Z,15092647980,721
2026-10-01T00:13:06Z,15101393044,57542
2026-10-01T00:13:06Z,15111895255,901
2026-10-01T00:13:06Z,15113223607,545
2026-10-01T00:13:06Z,15135285305,1109
2026-10-01T00:13:06Z,15198166649,2777
2026-10-01T00:13:06Z,15213956324,814
2026-10-01T00:13:06Z,15240723287,4279
2026-10-01T00:13:06Z,15269951959,3712
2026-10-01T00:13:06Z,15270182488,1630
2026-10-01T00:13:06Z,15278322858,581
2026-10-01T00:13:06Z,15288629078,1452
2026-10-01T00:13:06Z,15318113891,7873
2026-10-01T00:13:06Z,15352028692,676
2026-10-01T00:13:06Z,15507022415,2736
2026-10-01T00:13:06Z,15509312676,602
2026-10-01T00:13:06Z,15532962292,32035
2026-10-01T00:13:06Z,15546218972,1390
2026-10-01T00:13:06Z,15550215902,3118
2026-10-01T00:13:06Z,15560168390,863
2026-10-01T00:13:06Z,15561786880,716
2026-10-01T00:13:06Z,15598056478,2173
2026-10-01T00:13:06Z,15654981113,1095
2026-10-01T00:13:06Z,15694891095,1312
2026-10-01T00:13:06Z,15696848933,2245
2026-10-01T00:13:06Z,15768329004,7097
2026-10-01T00:13:06Z,15781012611,647
2026-10-01T00:13:06Z,15784744207,1726
2026-10-01T00:13:06Z,15885874861,639
2026-10-01T00:13:06Z,15930174396,3013
2026-10-01T00:13:06Z,16039690331,1235
2026-10-01T00:13:06Z,16055759911,554
2026-10-01T00:13:06Z,16057679366,2673
2026-10-01T00:13:06Z,16066619968,553
2026-10-01T00:13:06Z,16115051360,830
2026-10-01T00:13:06Z,16116270224,35665
2026-10-01T00:13:06Z,16141898262,1283
2026-10-01T00:13:06Z,16146832113,14688
2026-10-01T00:13:06Z,16154918775,2001
2026-10-01T00:13:06Z,16159871483,530
2026-10-01T00:13:06Z,16205713724,115860
2026-10-01T00:13:06Z,16272604134,2229
2026-10-01T00:13:06Z,16288616721,798
2026-10-01T00:13:06Z,16304978305,591
2026-10-01T00:13:06Z,16331682055,884
2026-10-01T00:13:06Z,16389395869,7715
2026-10-01T00:13:06Z,16446142514,1344
2026-10-01T00:13:06Z,16447934574,4212
2026-10-01T00:13:06Z,16454399300,731
2026-10-01T00:13:06Z,16480898254,2604
2026-10-01T00:13:06Z,16483433878,782
2026-10-01T00:13:06Z,16501421966,539
2026-10-01T00:13:06Z,16518256559,1099
2026-10-01T00:13:06Z,16538170757,1029
2026-10-01T00:13:06Z,16625391970,6241
2026-10-01T00:13:06Z,16653555262,1186
2026-10-01T00:13:06Z,16666497786,1115
2026-10-01T00:13:06Z,16732694052,62357
2026-10-01T00:13:06Z,16867505761,3788
2026-10-01T00:13:06Z,16901389020,920
2026-10-01T00:13:06Z,16907212609,1267
2026-10-01T00:13:06Z,16910059756,1654
2026-10-01T00:13:06Z,16927467487,501
2026-10-01T00:13:06Z,16962279458,1706
2026-10-01T00:13:06Z,16985073662,1337
2026-10-01T00:13:06Z,16991287194,2554
2026-10-01T00:13:06Z,16993432698,596
2026-10-01T00:13:06Z,17012548142,865
2026-10-01T00:13:06Z,17045823120,1795
2026-10-01T00:13:06Z,17050349106,507
2026-10-01T00:13:06Z,17070462969,809
2026-10-01T00:13:06Z,17121846721,1104
2026-10-01T00:13:06Z,17188326828,1089
2026-10-01T00:13:06Z,17192092512,1890
2026-10-01T00:13:06Z,17255098561,879
2026-10-01T00:13:06Z,17324489187,1375
2026-10-01T00:13:06Z,17371491481,1036
2026-10-01T00:13:06Z,17450551531,2559
2026-10-01T00:13:06Z,17457986005,1121
2026-10-01T00:13:06Z,17516596118,21317
2026-10-01T00:13:06Z,17556820024,4356
2026-10-01T00:13:06Z,17559596992,522
2026-10-01T00:13:06Z,17571821642,1710
2026-10-01T00:13:06Z,17577256698,741
2026-10-01T00:13:06Z,17581668152,1915
2026-10-01T00:13:06Z,17600423422,1067
2026-10-01T00:13:06Z,17625359962,134839
2026-10-01T00:13:06Z,17662297954,1043
2026-10-01T00:13:06Z,17664585395,1187
2026-10-01T00:13:06Z,17698425045,4985
2026-10-01T00:13:06Z,17720162456,1508
2026-10-01T00:13:06Z,17729873503,968
2026-10-01T00:13:06Z,17759606919,1030
2026-10-01T00:13:06Z,17798223108,651
2026-10-01T00:13:06Z,17805166690,2626
2026-10-01T00:13:06Z,17844293708,1472
2026-10-01T00:13:06Z,17882166032,3015
2026-10-01T00:13:06Z,18102078939,2451
2026-10-01T00:13:06Z,18138682962,890
2026-10-01T00:13:06Z,18152595062,572
2026-10-01T00:13:06Z,18153851914,876
2026-10-01T00:13:06Z,18156286285,521
2026-10-01T00:13:06Z,18172550962,1932
2026-10-01T00:13:06Z,18180213499,500
2026-10-01T00:13:06Z,18180736634,959
2026-10-01T00:13:06Z,18183902003,1470
2026-10-01T00:13:06Z,18192562963,1392
2026-10-01T00:13:06Z,18199615050,4138
2026-10-01T00:13:06Z,18214855317,2850
2026-10-01T00:13:06Z,18218605381,1396
2026-10-01T00:13:06Z,18259975825,2262
2026-10-01T00:13:06Z,18260439047,775
2026-10-01T00:13:06Z,18260801046,567
2026-10-01T00:13:06Z,18334179599,845
2026-10-01T00:13:06Z,18335956021,1176
2026-10-01T00:13:06Z,18336470541,590
2026-10-01T00:13:06Z,18376355901,1248
2026-10-01T00:13:06Z,18382602608,608
2026-10-01T00:13:06Z,18500105193,539
2026-10-01T00:13:06Z,18519254033,1643
2026-10-01T00:13:06Z,18645473062,825
2026-10-01T00:13:06Z,18649596490,510
2026-10-01T00:13:06Z,18666738837,4467
2026-10-01T00:13:06Z,18668065416,23409
2026-10-01T00:13:06Z,18680867089,1097
2026-10-01T00:13:06Z,18687417158,65087
2026-10-01T00:13:06Z,18688598012,1795
2026-10-01T00:13:06Z,18700851435,1676
2026-10-01T00:13:06Z,18753889337,2876
2026-10-01T00:13:06Z,18799085098,2935
2026-10-01T00:13:06Z,18803315158,2481
2026-10-01T00:13:06Z,18816315817,2119
2026-10-01T00:13:06Z,18934709778,634
2026-10-01T00:13:06Z,18948446518,2991
2026-10-01T00:13:06Z,18959440414,852
2026-10-01T00:13:06Z,18984776765,937
2026-10-01T00:13:06Z,70390793715007,2279
2026-10-01T00:13:06Z,70400654680508,2827
2026-10-01T00:13:06Z,70411440483149,9310
2026-10-01T00:13:06Z,70412932199344,628
2026-10-01T00:13:06Z,70435795041539,4604
2026-10-01T00:13:06Z,70640255604878,4970
2026-10-01T00:13:06Z,70670854739587,2285
2026-10-01T00:13:06Z,70906625936847,5162
2026-10-01T00:13:06Z,70911358699250,1348
2026-10-01T00:13:06Z,70970763145070,695
2026-10-01T00:13:06Z,70990751935174,977
2026-10-01T00:13:06Z,70994695337243,601
2026-10-01T00:13:06Z,70998903613713,611
2026-10-01T00:13:06Z,71099982892966,881
2026-10-01T00:13:06Z,71105162305369,698
2026-10-01T00:13:06Z,71132543521245,3876
2026-10-01T00:13:06Z,71143154217953,1262
2026-10-01T00:13:06Z,71174733280934,1605
2026-10-01T00:13:06Z,71229216166991,552
2026-10-01T00:13:06Z,71276239588427,768
2026-10-01T00:13:06Z,71394819414417,1422
2026-10-01T00:13:06Z,71443883879110,1288
2026-10-01T00:13:06Z,71457452830106,1202
2026-10-01T00:13:06Z,71599043035739,4194
2026-10-01T00:13:06Z,71600459831333,3104
2026-10-01T00:13:06Z,71633357192188,882
2026-10-01T00:13:06Z,71647048889071,609
2026-10-01T00:13:06Z,71647256260480,2765
2026-10-01T00:13:06Z,71704434889758,2730
2026-10-01T00:13:06Z,71706515477118,698
2026-10-01T00:13:06Z,71739455261863,693
2026-10-01T00:13:06Z,71774876641249,891
2026-10-01T00:13:06Z,71849204829689,1178
2026-10-01T00:13:06Z,71852303862507,697
2026-10-01T00:13:06Z,71895508397153,2619
2026-10-01T00:13:06Z,72019577565540,1285
2026-10-01T00:13:06Z,72105128013629,5569
2026-10-01T00:13:06Z,72167803024670,728
2026-10-01T00:13:06Z,72216345408467,1054
2026-10-01T00:13:06Z,72248722616845,1823
2026-10-01T00:13:06Z,72317248326994,1296
2026-10-01T00:13:06Z,72387437800091,3839
2026-10-01T00:13:06Z,72450672234943,1469
2026-10-01T00:13:06Z,72712036210947,1498
2026-10-01T00:13:06Z,72763503064951,1227
2026-10-01T00:13:06Z,72845937010155,995
2026-10-01T00:13:06Z,72920620366355,7087
2026-10-01T00:13:06Z,73101851322368,988
2026-10-01T00:13:06Z,73189007576537,2040
2026-10-01T00:13:06Z,73526576502092,807
2026-10-01T00:13:06Z,73578698401320,1322
2026-10-01T00:13:06Z,73621314943835,4619
2026-10-01T00:13:06Z,73684979946677,827
2026-10-01T00:13:06Z,73768006371986,1164
2026-10-01T00:13:06Z,73871058651498,791
2026-10-01T00:13:06Z,73889875294947,673
2026-10-01T00:13:06Z,73897506680154,4178
2026-10-01T00:13:06Z,73904017172892,1021
2026-10-01T00:13:06Z,73908022013371,1719
2026-10-01T00:13:06Z,73956553001240,42132
2026-10-01T00:13:06Z,74102906764176,2833
2026-10-01T00:13:06Z,74188431054457,12897
2026-10-01T00:13:06Z,74193805629461,903
2026-10-01T00:13:06Z,74205509034203,826
2026-10-01T00:13:06Z,74256669508761,1322
2026-10-01T00:13:06Z,74260430392611,5257
2026-10-01T00:13:06Z,74341114342499,1403
2026-10-01T00:13:06Z,74395953411817,17190
2026-10-01T00:13:06Z,74511210941284,1301
2026-10-01T00:13:06Z,74542317333958,957
2026-10-01T00:13:06Z,74581423482101,952
2026-10-01T00:13:06Z,74588536318848,787
2026-10-01T00:13:06Z,74629631798007,5309
2026-10-01T00:13:06Z,74716719697996,3768
2026-10-01T00:13:06Z,74729868188364,3732
2026-10-01T00:13:06Z,74889851913797,1691
2026-10-01T00:13:06Z,74919033309938,628
2026-10-01T00:13:06Z,74968636725538,1280
2026-10-01T00:13:06Z,74994442538508,1251
2026-10-01T00:13:06Z,74996816424339,621
2026-10-01T00:13:06Z,75127349412719,575
2026-10-01T00:13:06Z,75178747054941,729
2026-10-01T00:13:06Z,75250668697932,686
2026-10-01T00:13:06Z,75317862071711,3229
2026-10-01T00:13:06Z,75366259315586,521
2026-10-01T00:13:06Z,75387700043737,17167
2026-10-01T00:13:06Z,75541741887441,1100
2026-10-01T00:13:06Z,75547400568620,3298
2026-10-01T00:13:06Z,75568173037446,2896
2026-10-01T00:13:06Z,75625530412726,787
2026-10-01T00:13:06Z,75663528075786,1632
2026-10-01T00:13:06Z,75753413268977,1024
2026-10-01T00:13:06Z,75839707976715,511
2026-10-01T00:13:06Z,76137189788863,978
2026-10-01T00:13:06Z,76153324611685,5230
2026-10-01T00:13:06Z,76285745979410,3268
2026-10-01T00:13:06Z,76427445314955,763
2026-10-01T00:13:06Z,76427490154192,1575
2026-10-01T00:13:06Z,76503495566299,2126
2026-10-01T00:13:06Z,76526090659517,1483
2026-10-01T00:13:06Z,76558904092080,1500
2026-10-01T00:13:06Z,76737571462455,580
2026-10-01T00:13:06Z,76812848652979,1664
2026-10-01T00:13:06Z,76838459031868,9284
2026-10-01T00:13:06Z,76841016201110,5149
2026-10-01T00:13:06Z,76911729991355,3797
2026-10-01T00:13:06Z,77108422251420,19560
2026-10-01T00:13:06Z,77440920242306,599
2026-10-01T00:13:06Z,77478491618858,557
2026-10-01T00:13:06Z,77649408247578,6655
2026-10-01T00:13:06Z,77747054101308,533
2026-10-01T00:13:06Z,77747658251236,1153
2026-10-01T00:13:06Z,77843161404023,7144
2026-10-01T00:13:06Z,78028206594931,638
2026-10-01T00:13:06Z,78131609782350,1356
2026-10-01T00:13:06Z,78177131121429,1115
2026-10-01T00:13:06Z,78353262320982,553
2026-10-01T00:13:06Z,78471443847948,695
2026-10-01T00:13:06Z,78515283254292,28543
2026-10-01T00:13:06Z,78699621133325,574
2026-10-01T00:13:06Z,78724900430513,531
2026-10-01T00:13:06Z,78839079957645,692
2026-10-01T00:13:06Z,78933302895115,2430
2026-10-01T00:13:06Z,79267089300389,961
2026-10-01T00:13:06Z,79268393072444,10192
2026-10-01T00:13:06Z,79315121100812,841
2026-10-01T00:13:06Z,79454007962937,682
2026-10-01T00:13:06Z,79475945127283,2862
2026-10-01T00:13:06Z,79480724066456,13213
2026-10-01T00:13:06Z,79546208627805,98002
2026-10-01T00:13:06Z,79548014923991,1623
2026-10-01T00:13:06Z,79602128065352,1095
2026-10-01T00:13:06Z,79797693256658,545
2026-10-01T00:13:06Z,79860632214114,1275
2026-10-01T00:13:06Z,79886695267825,1908
2026-10-01T00:13:06Z,79966250354565,1377
2026-10-01T00:13:06Z,80000420704526,2247
2026-10-01T00:13:06Z,80139795758532,1327
2026-10-01T00:13:06Z,80158232099900,1596
2026-10-01T00:13:06Z,80200604311136,1429
2026-10-01T00:13:06Z,80234914611737,584
2026-10-01T00:13:06Z,80242821185181,10526
2026-10-01T00:13:06Z,80279663815725,1292
2026-10-01T00:13:06Z,80342862330041,639
2026-10-01T00:13:06Z,80607040330429,1174
2026-10-01T00:13:06Z,80734098185936,3207
2026-10-01T00:13:06Z,80844740579381,906
2026-10-01T00:13:06Z,80898524797320,1790
2026-10-01T00:13:06Z,81223687051453,1258
2026-10-01T00:13:06Z,81239378558719,5836
2026-10-01T00:13:06Z,81549698024226,1910
2026-10-01T00:13:06Z,81650261920000,617
2026-10-01T00:13:06Z,81703830622949,1377
2026-10-01T00:13:06Z,81734857983173,3268
2026-10-01T00:13:06Z,82075856475941,1170
2026-10-01T00:13:06Z,82084053899394,579
2026-10-01T00:13:06Z,82329146189989,660
2026-10-01T00:13:06Z,82457571485380,4879
2026-10-01T00:13:06Z,82539019711975,1602
2026-10-01T00:13:06Z,82581651416800,505
2026-10-01T00:13:06Z,82712304391069,1764
2026-10-01T00:13:06Z,82797688803922,4910
2026-10-01T00:13:06Z,82866880824588,6790
2026-10-01T00:13:06Z,82983707799188,2801
2026-10-01T00:13:06Z,83038462357724,3676
2026-10-01T00:13:06Z,83264774625004,1505
2026-10-01T00:13:06Z,83325975879599,1202
2026-10-01T00:13:06Z,83337738588990,561
2026-10-01T00:13:06Z,83376581471284,3509
2026-10-01T00:13:06Z,83388257263676,682
2026-10-01T00:13:06Z,83569851223739,2240
2026-10-01T00:13:06Z,83948716312312,1220
2026-10-01T00:13:06Z,84156601481934,856
2026-10-01T00:13:06Z,84256892855657,1163
2026-10-01T00:13:06Z,84332574190497,1431
2026-10-01T00:13:06Z,84376037812256,1114
2026-10-01T00:13:06Z,84403204002907,4962
2026-10-01T00:13:06Z,84449017742177,3525
2026-10-01T00:13:06Z,84515722934860,5967
2026-10-01T00:13:06Z,84525826229916,1802
2026-10-01T00:13:06Z,84556640895285,7131
2026-10-01T00:13:06Z,84568117169118,877
2026-10-01T00:13:06Z,84692574040798,827
2026-10-01T00:13:06Z,84956402848349,698
2026-10-01T00:13:06Z,84988808589910,588
2026-10-01T00:13:06Z,85011874799856,956
2026-10-01T00:13:06Z,85048226835181,748
2026-10-01T00:13:06Z,85056532479796,1370
2026-10-01T00:13:06Z,85070202669030,1053
2026-10-01T00:13:06Z,85070260180613,3825
2026-10-01T00:13:06Z,85245205758607,4853
2026-10-01T00:13:06Z,85659091508300,3243
2026-10-01T00:13:06Z,85896571713843,5049
2026-10-01T00:13:06Z,85967844112283,7024
2026-10-01T00:13:06Z,86017989016432,615
2026-10-01T00:13:06Z,86022723355936,846
2026-10-01T00:13:06Z,86068599934040,742
2026-10-01T00:13:06Z,86089763581353,1183
2026-10-01T00:13:06Z,86178279217218,502
2026-10-01T00:13:06Z,86247128610772,2680
2026-10-01T00:13:06Z,86259628805375,2613
2026-10-01T00:13:06Z,86368783421928,669
2026-10-01T00:13:06Z,86374876468143,1385
2026-10-01T00:13:06Z,86479448397834,5497
2026-10-01T00:13:06Z,86524001536792,1836
2026-10-01T00:13:06Z,86754403332185,985
2026-10-01T00:13:06Z,86757987326668,986
2026-10-01T00:13:06Z,86943068337855,2217
2026-10-01T00:13:06Z,86987168805667,621
2026-10-01T00:13:06Z,87018676608089,756
2026-10-01T00:13:06Z,87046419551816,1734
2026-10-01T00:13:06Z,87214116277191,580
2026-10-01T00:13:06Z,87229519582692,575
2026-10-01T00:13:06Z,87311102000285,822
2026-10-01T00:13:06Z,87468080405188,3672
2026-10-01T00:13:06Z,88033955914813,880
2026-10-01T00:13:06Z,88047783411976,7100
2026-10-01T00:13:06Z,88323040672117,2572
2026-10-01T00:13:06Z,88412811497379,1168
2026-10-01T00:13:06Z,88728793053496,521
2026-10-01T00:13:06Z,88910662712492,1099
2026-10-01T00:13:06Z,88932739628526,671
2026-10-01T00:13:06Z,88933961678687,969
2026-10-01T00:13:06Z,88951201927122,661
2026-10-01T00:13:06Z,89035794510548,1320
2026-10-01T00:13:06Z,89054386877361,682
2026-10-01T00:13:06Z,89100823864844,1063
2026-10-01T00:13:06Z,89180039807836,732
2026-10-01T00:13:06Z,89469502395769,12472
2026-10-01T00:13:06Z,89490838554710,1791
2026-10-01T00:13:06Z,89851325271396,707
2026-10-01T00:13:06Z,90038414385014,1203
2026-10-01T00:13:06Z,90053646552411,866
2026-10-01T00:13:06Z,90086669327265,3873
2026-10-01T00:13:06Z,90148635862803,5447
2026-10-01T00:13:06Z,90184287580174,1951
2026-10-01T00:13:06Z,90568084448279,11103
2026-10-01T00:13:06Z,90740816183375,1263
2026-10-01T00:13:06Z,90906407195271,3631
2026-10-01T00:13:06Z,90913221847091,4030
2026-10-01T00:13:06Z,91203203156283,810
2026-10-01T00:13:06Z,91514145260129,635
2026-10-01T00:13:06Z,91704854174760,4025
2026-10-01T00:13:06Z,91746497060666,2091
2026-10-01T00:13:06Z,92122513197996,6144
2026-10-01T00:13:06Z,92171645661524,961
2026-10-01T00:13:06Z,92415748858497,1050
2026-10-01T00:13:06Z,92422478989816,603
2026-10-01T00:13:06Z,92432535588391,712
2026-10-01T00:13:06Z,92606991708989,4799
2026-10-01T00:13:06Z,92637789841354,10385
2026-10-01T00:13:06Z,92648272637932,5492
2026-10-01T00:13:06Z,92700582787930,1028
2026-10-01T00:13:06Z,92722005168254,6840
2026-10-01T00:13:06Z,93010292807756,767
2026-10-01T00:13:06Z,93028168925975,2165
2026-10-01T00:13:06Z,93091759101123,4250
2026-10-01T00:13:06Z,93233198656969,740
2026-10-01T00:13:06Z,93265851514769,1391
2026-10-01T00:13:06Z,93467044568807,3949
2026-10-01T00:13:06Z,93787311916283,617
2026-10-01T00:13:06Z,93829858358973,1779
2026-10-01T00:13:06Z,93978595733734,21380
2026-10-01T00:13:06Z,94101948530988,680
2026-10-01T00:13:06Z,94217045453265,7852
2026-10-01T00:13:06Z,94495283121683,2042
2026-10-01T00:13:06Z,94503612388426,697
2026-10-01T00:13:06Z,94539932414164,816
2026-10-01T00:13:06Z,94590879393563,2275
2026-10-01T00:13:06Z,94640181989498,5235
2026-10-01T00:13:06Z,94647229517154,13244
2026-10-01T00:13:06Z,94702395375549,776
2026-10-01T00:13:06Z,94743262954649,551
2026-10-01T00:13:06Z,94823097601547,10125
2026-10-01T00:13:06Z,94845773826960,793
2026-10-01T00:13:06Z,94860588848140,1060
2026-10-01T00:13:06Z,94987506187454,1073
2026-10-01T00:13:06Z,95082159892680,76930
2026-10-01T00:13:06Z,95094324354820,1473
2026-10-01T00:13:06Z,95319535505764,1001
2026-10-01T00:13:06Z,95417153338993,896
2026-10-01T00:13:06Z,95665217895534,873
2026-10-01T00:13:06Z,95721658376580,1223
2026-10-01T00:13:06Z,96153864779911,732
2026-10-01T00:13:06Z,96168869671905,7923
2026-10-01T00:13:06Z,96197006873131,1435
2026-10-01T00:13:06Z,96280251181127,1807
2026-10-01T00:13:06Z,96425088123775,2578
2026-10-01T00:13:06Z,96447215899741,536
2026-10-01T00:13:06Z,96462622512177,927
2026-10-01T00:13:06Z,96510596525082,23866
2026-10-01T00:13:06Z,96574878340154,1185
2026-10-01T00:13:06Z,96645548064314,5111
2026-10-01T00:13:06Z,96775630583143,1993
2026-10-01T00:13:06Z,96796259580891,2475
2026-10-01T00:13:06Z,96993839570687,1633
2026-10-01T00:13:06Z,97042065873644,1605
2026-10-01T00:13:06Z,97253290114878,640
2026-10-01T00:13:06Z,97270827479665,1387
2026-10-01T00:13:06Z,97438379434717,1026
2026-10-01T00:13:06Z,97598239454123,2929
2026-10-01T00:13:06Z,97824450589417,4065
2026-10-01T00:13:06Z,97837301536811,658
2026-10-01T00:13:06Z,98041593342319,1147
2026-10-01T00:13:06Z,98067481349941,807
2026-10-01T00:13:06Z,98100179608264,587
2026-10-01T00:13:06Z,98138235237704,919
2026-10-01T00:13:06Z,98303142742576,1216
2026-10-01T00:13:06Z,98393605725180,862
2026-10-01T00:13:06Z,98456203230140,2250
2026-10-01T00:13:06Z,98498619006328,5228
2026-10-01T00:13:06Z,98502499119821,2903
2026-10-01T00:13:06Z,98610101874791,9260
2026-10-01T00:13:06Z,98626216952426,662
2026-10-01T00:13:06Z,98629859043211,1891
2026-10-01T00:13:06Z,98664161516921,2994
2026-10-01T00:13:06Z,98679602313466,1544
2026-10-01T00:13:06Z,98800969324557,13687
2026-10-01T00:13:06Z,98894876188248,3867
2026-10-01T00:13:06Z,98936097545088,2003
2026-10-01T00:13:06Z,98951612738714,610
2026-10-01T00:13:06Z,99108783264633,1799
2026-10-01T00:13:06Z,99122501338948,2548
2026-10-01T00:13:06Z,99183404085821,4138
2026-10-01T00:13:06Z,99255447043899,1741
2026-10-01T00:13:06Z,99269206016797,678
2026-10-01T00:13:06Z,99342262733194,755
2026-10-01T00:13:06Z,99386843610967,1398
2026-10-01T00:13:06Z,99449877692519,1937
2026-10-01T00:13:06Z,99487541293863,1400
2026-10-01T00:13:06Z,99513630394609,1730
2026-10-01T00:13:06Z,99521272836282,3198
2026-10-01T00:13:06Z,99567941238278,10265
2026-10-01T00:13:06Z,99703116573266,1396
2026-10-01T00:13:06Z,99715891575923,523
2026-10-01T00:13:06Z,99758842280353,1252
2026-10-01T00:13:06Z,99817148924004,1955
2026-10-01T00:13:06Z,99925503388128,3101
2026-10-01T00:13:06Z,100034344773758,872
2026-10-01T00:13:06Z,100039707794702,955
2026-10-01T00:13:06Z,100178831086674,1723
2026-10-01T00:13:06Z,100293509865504,1730
2026-10-01T00:13:06Z,100429474155186,7096
2026-10-01T00:13:06Z,100453351939863,1556
2026-10-01T00:13:06Z,100641654440407,2992
2026-10-01T00:13:06Z,100722736774753,717
2026-10-01T00:13:06Z,100744519298647,1341
2026-10-01T00:13:06Z,100911362514791,1644
2026-10-01T00:13:06Z,101009821472804,1632
2026-10-01T00:13:06Z,101304595834078,2081
2026-10-01T00:13:06Z,101365980107547,671
2026-10-01T00:13:06Z,101396571928321,819
2026-10-01T00:13:06Z,101432174163538,1091
2026-10-01T00:13:06Z,101480963912212,5364
2026-10-01T00:13:06Z,101610294550592,1186
2026-10-01T00:13:06Z,101685456774656,1041
2026-10-01T00:13:06Z,101733180974837,764
2026-10-01T00:13:06Z,101770480176177,11964
2026-10-01T00:13:06Z,101906032112547,9073
2026-10-01T00:13:06Z,101914772188620,3984
2026-10-01T00:13:06Z,101949297449238,570
2026-10-01T00:13:06Z,102053304052438,3600
2026-10-01T00:13:06Z,102054284786904,2477
2026-10-01T00:13:06Z,102071609564196,926
2026-10-01T00:13:06Z,102072869879193,13048
2026-10-01T00:13:06Z,102422301065716,2352
2026-10-01T00:13:06Z,102457672839885,1188
2026-10-01T00:13:06Z,102489700929678,5785
2026-10-01T00:13:06Z,102553576537621,881
2026-10-01T00:13:06Z,102555956950143,2603
2026-10-01T00:13:06Z,102574559184919,786
2026-10-01T00:13:06Z,102591055755796,1666
2026-10-01T00:13:06Z,102837194624695,6547
2026-10-01T00:13:06Z,102871156420149,1378
2026-10-01T00:13:06Z,102917792916356,1366
2026-10-01T00:13:06Z,103037106396302,10944
2026-10-01T00:13:06Z,103050497819513,1003
2026-10-01T00:13:06Z,103138601755519,1491
2026-10-01T00:13:06Z,103285721487694,1703
2026-10-01T00:13:06Z,103556382323599,996
2026-10-01T00:13:06Z,103589142326933,934
2026-10-01T00:13:06Z,103593441753340,853
2026-10-01T00:13:06Z,103681513248629,686
2026-10-01T00:13:06Z,103731330407395,1000
2026-10-01T00:13:06Z,103740390007820,805
2026-10-01T00:13:06Z,103754275310547,1130
2026-10-01T00:13:06Z,103767961452227,1202
2026-10-01T00:13:06Z,103854444055060,550
2026-10-01T00:13:06Z,103874780798870,1322
2026-10-01T00:13:06Z,103883942725157,1163
2026-10-01T00:13:06Z,104098030850482,1227
2026-10-01T00:13:06Z,104212420274467,532
2026-10-01T00:13:06Z,104339804279870,655
2026-10-01T00:13:06Z,104485012391716,1340
2026-10-01T00:13:06Z,104526416639079,2977
2026-10-01T00:13:06Z,104693964860826,2460
2026-10-01T00:13:06Z,104715542330896,18236
2026-10-01T00:13:06Z,104761395312874,4036
2026-10-01T00:13:06Z,104808235862933,1342
2026-10-01T00:13:06Z,104809044319701,1227
2026-10-01T00:13:06Z,104812936457083,2645
2026-10-01T00:13:06Z,104841616983113,2071
2026-10-01T00:13:06Z,104856666707760,2089
2026-10-01T00:13:06Z,104973076655377,2084
2026-10-01T00:13:06Z,105011592530400,15403
2026-10-01T00:13:06Z,105355546387524,3344
2026-10-01T00:13:06Z,105373497661352,952
2026-10-01T00:13:06Z,105452889569708,4449
2026-10-01T00:13:06Z,105555311806207,1524
2026-10-01T00:13:06Z,105633123928294,590
2026-10-01T00:13:06Z,105724836892064,2512
2026-10-01T00:13:06Z,105742951729183,781
2026-10-01T00:13:06Z,105904727825849,3433
2026-10-01T00:13:06Z,105954652742326,559
2026-10-01T00:13:06Z,106078822951099,3131
2026-10-01T00:13:06Z,106131416903029,1016
2026-10-01T00:13:06Z,106187832607756,2646
2026-10-01T00:13:06Z,106371326931646,1015
2026-10-01T00:13:06Z,106383201135975,2840
2026-10-01T00:13:06Z,106484206883664,2565
2026-10-01T00:13:06Z,106487781999308,779
2026-10-01T00:13:06Z,106683702021527,2915
2026-10-01T00:13:06Z,106802314735486,1123
2026-10-01T00:13:06Z,106838580527183,4246
2026-10-01T00:13:06Z,106920577206536,873
2026-10-01T00:13:06Z,107095834793267,742
2026-10-01T00:13:06Z,107164765081465,12724
2026-10-01T00:13:06Z,107377364123237,1304
2026-10-01T00:13:06Z,107430889830807,859
2026-10-01T00:13:06Z,107467295209358,4569
2026-10-01T00:13:06Z,107573271137575,600
2026-10-01T00:13:06Z,107645101488133,1074
2026-10-01T00:13:06Z,107653945083776,3114
2026-10-01T00:13:06Z,107734853434823,708
2026-10-01T00:13:06Z,107750563478039,1317
2026-10-01T00:13:06Z,107778070777162,969211
2026-10-01T00:13:06Z,107792622719098,1255
2026-10-01T00:13:06Z,107828406309109,868
2026-10-01T00:13:06Z,107833198839573,1694
2026-10-01T00:13:06Z,107866483212163,1501
2026-10-01T00:13:06Z,107894105055312,5135
2026-10-01T00:13:06Z,108227239615000,1820
2026-10-01T00:13:06Z,108307565942574,1905
2026-10-01T00:13:06Z,108439047160668,1058
2026-10-01T00:13:06Z,108533757090220,3294
2026-10-01T00:13:06Z,108567435288296,10629
2026-10-01T00:13:06Z,108645230905176,2155
2026-10-01T00:13:06Z,108730407897379,1025
2026-10-01T00:13:06Z,108767400143329,893
2026-10-01T00:13:06Z,108843562394237,1826
2026-10-01T00:13:06Z,108948479536468,516
2026-10-01T00:13:06Z,109129552698918,560
2026-10-01T00:13:06Z,109170650911069,751
2026-10-01T00:13:06Z,109203247742910,8313
2026-10-01T00:13:06Z,109258067111533,2458
2026-10-01T00:13:06Z,109302375765807,882
2026-10-01T00:13:06Z,109397169461300,3913
2026-10-01T00:13:06Z,109509029034984,1769
2026-10-01T00:13:06Z,109530157755211,2276
2026-10-01T00:13:06Z,109579237461406,986
2026-10-01T00:13:06Z,109584643077945,665
2026-10-01T00:13:06Z,109629391874197,754
2026-10-01T00:13:06Z,109658217029877,2521
2026-10-01T00:13:06Z,109686116036889,1445
2026-10-01T00:13:06Z,109694820409483,4980
2026-10-01T00:13:06Z,109715918987082,838
2026-10-01T00:13:06Z,109881277752094,1393
2026-10-01T00:13:06Z,109928390521457,13960
2026-10-01T00:13:06Z,109983668079237,78078
2026-10-01T00:13:06Z,110175021189594,6597
2026-10-01T00:13:06Z,110334393584385,957
2026-10-01T00:13:06Z,110434609045277,916
2026-10-01T00:13:06Z,110499685368790,587
2026-10-01T00:13:06Z,110527353762049,1246
2026-10-01T00:13:06Z,110570058234582,958
2026-10-01T00:13:06Z,110584310129887,703
2026-10-01T00:13:06Z,110627433764494,2993
2026-10-01T00:13:06Z,110677803091411,685
2026-10-01T00:13:06Z,110806816173057,1382
2026-10-01T00:13:06Z,110808833601416,592
2026-10-01T00:13:06Z,110829983956014,4747
2026-10-01T00:13:06Z,110954432401277,2269
2026-10-01T00:13:06Z,111063058742520,5734
2026-10-01T00:13:06Z,111097829542198,6441
2026-10-01T00:13:06Z,111199269199811,537
2026-10-01T00:13:06Z,111262527555232,1400
2026-10-01T00:13:06Z,111363135577981,1218
2026-10-01T00:13:06Z,111403197324514,1705
2026-10-01T00:13:06Z,111442376436641,1092
2026-10-01T00:13:06Z,111536203110843,762
2026-10-01T00:13:06Z,111835260646713,1492
2026-10-01T00:13:06Z,111894976456494,765
2026-10-01T00:13:06Z,111989938562194,2007
2026-10-01T00:13:06Z,112114621008524,561
2026-10-01T00:13:06Z,112226578490421,1926
2026-10-01T00:13:06Z,112233638491976,1332
2026-10-01T00:13:06Z,112333343527957,2025
2026-10-01T00:13:06Z,112413741511713,2830
2026-10-01T00:13:06Z,112490729816320,539
2026-10-01T00:13:06Z,112531085636442,1965
2026-10-01T00:13:06Z,112584447398647,1003
2026-10-01T00:13:06Z,112619156837009,915
2026-10-01T00:13:06Z,112626674737178,1138
2026-10-01T00:13:06Z,112641748896693,842
2026-10-01T00:13:06Z,112731528776884,8040
2026-10-01T00:13:06Z,112781315318195,3792
2026-10-01T00:13:06Z,112796336189704,776
2026-10-01T00:13:06Z,112816993332059,701
2026-10-01T00:13:06Z,112838150455902,2570
2026-10-01T00:13:06Z,112851296174239,548
2026-10-01T00:13:06Z,112857282410969,1375
2026-10-01T00:13:06Z,112966546347918,1385
2026-10-01T00:13:06Z,113024290498796,1862
2026-10-01T00:13:06Z,113099333239841,1876
2026-10-01T00:13:06Z,113232329524315,4196
2026-10-01T00:13:06Z,113290951185459,62130
2026-10-01T00:13:06Z,113323927469374,2567
2026-10-01T00:13:06Z,113385048266134,1531
2026-10-01T00:13:06Z,113385977463481,584
2026-10-01T00:13:06Z,113392430358155,783
2026-10-01T00:13:06Z,113457460682474,1498
2026-10-01T00:13:06Z,113460023824827,3468
2026-10-01T00:13:06Z,113481077323469,16916
2026-10-01T00:13:06Z,113506071094099,8023
2026-10-01T00:13:06Z,113581963143008,811
2026-10-01T00:13:06Z,113604074601559,1138
2026-10-01T00:13:06Z,113745337705295,3450
2026-10-01T00:13:06Z,113814738390716,978
2026-10-01T00:13:06Z,113897119818920,3673
2026-10-01T00:13:06Z,113987393426315,2328
2026-10-01T00:13:06Z,114122724051462,3627
2026-10-01T00:13:06Z,114146618644145,802
2026-10-01T00:13:06Z,114204398207377,4017
2026-10-01T00:13:06Z,114226238552788,1438
2026-10-01T00:13:06Z,114234929420007,3174
2026-10-01T00:13:06Z,114283239905753,575
2026-10-01T00:13:06Z,114326934417838,13480
2026-10-01T00:13:06Z,114357963370524,1111
2026-10-01T00:13:06Z,114381378262504,2988
2026-10-01T00:13:06Z,114501358617756,3068
2026-10-01T00:13:06Z,114537828794341,592
2026-10-01T00:13:06Z,114549747848211,645
2026-10-01T00:13:06Z,114639020543523,690
2026-10-01T00:13:06Z,114697347887839,9019
2026-10-01T00:13:06Z,114861592677288,1485
2026-10-01T00:13:06Z,115035699922620,821
2026-10-01T00:13:06Z,115052402364088,584
2026-10-01T00:13:06Z,115092911061119,1150
2026-10-01T00:13:06Z,115286378269814,524
2026-10-01T00:13:06Z,115618367729321,1761
2026-10-01T00:13:06Z,115620466946909,654
2026-10-01T00:13:06Z,115681808123944,2902
2026-10-01T00:13:06Z,116058355775210,767
2026-10-01T00:13:06Z,116070952245255,3292
2026-10-01T00:13:06Z,116113866980358,781
2026-10-01T00:13:06Z,116495829188952,12036
2026-10-01T00:13:06Z,116497287371701,4841
2026-10-01T00:13:06Z,116921506811323,5797
2026-10-01T00:13:06Z,117166102323457,633
2026-10-01T00:13:06Z,117448312570314,8639
2026-10-01T00:13:06Z,117533937949084,3422
2026-10-01T00:13:06Z,117539213094671,1137
2026-10-01T00:13:06Z,117713779364528,8922
2026-10-01T00:13:06Z,117752943664280,577
2026-10-01T00:13:06Z,117868278782684,1960
2026-10-01T00:13:06Z,117883700024872,6729
2026-10-01T00:13:06Z,117951390082378,15702
2026-10-01T00:13:06Z,118198615964701,805
2026-10-01T00:13:06Z,118298168947099,10419
2026-10-01T00:13:06Z,118367369949006,2971
2026-10-01T00:13:06Z,118418618261207,15950
2026-10-01T00:13:06Z,118447215156914,1243
2026-10-01T00:13:06Z,118576822282213,1222
2026-10-01T00:13:06Z,118608618152057,1339
2026-10-01T00:13:06Z,118805555015549,33240
2026-10-01T00:13:06Z,118806061296143,933
2026-10-01T00:13:06Z,118889111240517,834
2026-10-01T00:13:06Z,118952094447715,717
2026-10-01T00:13:06Z,118973301158777,1757
2026-10-01T00:13:06Z,119004860768199,3479
2026-10-01T00:13:06Z,119031147890918,1176
2026-10-01T00:13:06Z,119048529960596,7188
2026-10-01T00:13:06Z,119068914321553,3394
2026-10-01T00:13:06Z,119168493101362,3388
2026-10-01T00:13:06Z,119271610514030,5323
2026-10-01T00:13:06Z,119355263204054,2883
2026-10-01T00:13:06Z,119455737640001,1185
2026-10-01T00:13:06Z,119473104067789,1205
2026-10-01T00:13:06Z,119579217517090,1963
2026-10-01T00:13:06Z,119609933650338,1260
2026-10-01T00:13:06Z,119789365111500,4507
2026-10-01T00:13:06Z,119795911462450,563
2026-10-01T00:13:06Z,119822977170203,1729
2026-10-01T00:13:06Z,119987266683883,612
2026-10-01T00:13:06Z,120135584963579,3070
2026-10-01T00:13:06Z,120140631282295,749
2026-10-01T00:13:06Z,120154566897536,683
2026-10-01T00:13:06Z,120189115846709,3388
2026-10-01T00:13:06Z,120200839841232,1472
2026-10-01T00:13:06Z,120217704230083,3203
2026-10-01T00:13:06Z,120252007682677,1742
2026-10-01T00:13:06Z,120299070926116,800
2026-10-01T00:13:06Z,120329833999324,1411
2026-10-01T00:13:06Z,120475074479690,11461
2026-10-01T00:13:06Z,120546894379169,707
2026-10-01T00:13:06Z,120700541929930,9392
2026-10-01T00:13:06Z,120704669141193,1006
2026-10-01T00:13:06Z,120790217521707,4711
2026-10-01T00:13:06Z,120841752776030,1400
2026-10-01T00:13:06Z,120851538706364,10972
2026-10-01T00:13:06Z,120944686522212,841
2026-10-01T00:13:06Z,120951586797306,2788
2026-10-01T00:13:06Z,121268060261990,2052
2026-10-01T00:13:06Z,121297490325652,887
2026-10-01T00:13:06Z,121461214257813,881
2026-10-01T00:13:06Z,121567535120062,652
2026-10-01T00:13:06Z,121766265831153,542
2026-10-01T00:13:06Z,121780816998126,3256
2026-10-01T00:13:06Z,121781732399469,3838
2026-10-01T00:13:06Z,121831322352666,5868
2026-10-01T00:13:06Z,121864768012064,66222
2026-10-01T00:13:06Z,121903154323395,699
2026-10-01T00:13:06Z,122093998639862,907
2026-10-01T00:13:06Z,122216176958450,1797
2026-10-01T00:13:06Z,122245938604556,20287
2026-10-01T00:13:06Z,122278212262864,7195
2026-10-01T00:13:06Z,122433454504469,738
2026-10-01T00:13:06Z,122446657157717,9892
2026-10-01T00:13:06Z,122485613019196,13460
2026-10-01T00:13:06Z,122498324859761,2258
2026-10-01T00:13:06Z,122507029092776,3195
2026-10-01T00:13:06Z,122553263569744,524
2026-10-01T00:13:06Z,122572082932179,3289
2026-10-01T00:13:06Z,122606989565107,10815
2026-10-01T00:13:06Z,122720857080780,1412
2026-10-01T00:13:06Z,122951224417794,737
2026-10-01T00:13:06Z,123468479998097,673
2026-10-01T00:13:06Z,123662243100680,989
2026-10-01T00:13:06Z,123720558354386,17332
2026-10-01T00:13:06Z,123724279728430,1064
2026-10-01T00:13:06Z,123847390309161,4396
2026-10-01T00:13:06Z,123921593837160,3187
2026-10-01T00:13:06Z,124027312895188,600
2026-10-01T00:13:06Z,124032631078772,580
2026-10-01T00:13:06Z,124061247871628,9524
2026-10-01T00:13:06Z,124157596473184,674
2026-10-01T00:13:06Z,124216119978534,108200
2026-10-01T00:13:06Z,124293095895786,2116
2026-10-01T00:13:06Z,124311897657957,575
2026-10-01T00:13:06Z,124338404742585,2113
2026-10-01T00:13:06Z,124389216346675,1760
2026-10-01T00:13:06Z,124473577469410,1064
2026-10-01T00:13:06Z,124675142564227,791
2026-10-01T00:13:06Z,124729731716967,986
2026-10-01T00:13:06Z,124740268654741,1027
2026-10-01T00:13:06Z,124761153798409,5549
2026-10-01T00:13:06Z,124943244212764,550
2026-10-01T00:13:06Z,125039473548047,4590
2026-10-01T00:13:06Z,125088003721533,1120
2026-10-01T00:13:06Z,125239152177933,976
2026-10-01T00:13:06Z,125299131646017,835
2026-10-01T00:13:06Z,125306084071551,1593
2026-10-01T00:13:06Z,125466848790058,2033
2026-10-01T00:13:06Z,125488740127641,2777
2026-10-01T00:13:06Z,125496078313264,1883
2026-10-01T00:13:06Z,125503525638054,1829
2026-10-01T00:13:06Z,125790795579287,877
2026-10-01T00:13:06Z,125810438250765,1031
2026-10-01T00:13:06Z,125823964467491,585
2026-10-01T00:13:06Z,125927821145949,1847
2026-10-01T00:13:06Z,126016859830524,1386
2026-10-01T00:13:06Z,126096010539917,2323
2026-10-01T00:13:06Z,126330684723008,517
2026-10-01T00:13:06Z,126815230666914,3551
2026-10-01T00:13:06Z,126857641130765,699
2026-10-01T00:13:06Z,126870639873289,4090
2026-10-01T00:13:06Z,126884695634066,14805
2026-10-01T00:13:06Z,126922689754590,994
2026-10-01T00:13:06Z,126987974021910,55929
2026-10-01T00:13:06Z,127078880769763,2507
2026-10-01T00:13:06Z,127082754898219,2790
2026-10-01T00:13:06Z,127089247654125,2805
2026-10-01T00:13:06Z,127099886596040,1379
2026-10-01T00:13:06Z,127103413498148,958
2026-10-01T00:13:06Z,127152805777886,1161
2026-10-01T00:13:06Z,127332613700317,545
2026-10-01T00:13:06Z,127377897541228,1393
2026-10-01T00:13:06Z,127380660530951,4324
2026-10-01T00:13:06Z,127403135954624,22731
2026-10-01T00:13:06Z,127415661078736,1393
2026-10-01T00:13:06Z,127458871780090,614
2026-10-01T00:13:06Z,127606305348556,643
2026-10-01T00:13:06Z,127608230264974,627
2026-10-01T00:13:06Z,127634932179327,1049
2026-10-01T00:13:06Z,127707120843339,501
2026-10-01T00:13:06Z,127737908858963,2234
2026-10-01T00:13:06Z,127742093697776,2089
2026-10-01T00:13:06Z,127775478639865,2568
2026-10-01T00:13:06Z,127877871885165,7557
2026-10-01T00:13:06Z,127994242634536,41969
2026-10-01T00:13:06Z,127995006069066,847
2026-10-01T00:13:06Z,128039018996175,1682
2026-10-01T00:13:06Z,128095034580221,1060
2026-10-01T00:13:06Z,128119795963270,7910
2026-10-01T00:13:06Z,128263975853774,2413
2026-10-01T00:13:06Z,128329680321338,752
2026-10-01T00:13:06Z,128448883585036,9727
2026-10-01T00:13:06Z,128451689942376,5684
2026-10-01T00:13:06Z,128637868413472,518
2026-10-01T00:13:06Z,128662368175518,2558
2026-10-01T00:13:06Z,128718867767713,529
2026-10-01T00:13:06Z,128736949265057,7177
2026-10-01T00:13:06Z,128784467030899,6515
2026-10-01T00:13:06Z,128793328541327,1041
2026-10-01T00:13:06Z,128899661081075,4101
2026-10-01T00:13:06Z,128931272139211,730
2026-10-01T00:13:06Z,129096378231329,1384
2026-10-01T00:13:06Z,129163919591388,762
2026-10-01T00:13:06Z,129253568870286,2741
2026-10-01T00:13:06Z,129279692364812,3657
2026-10-01T00:13:06Z,129305872972839,1969
2026-10-01T00:13:06Z,129584083855826,534
2026-10-01T00:13:06Z,129692563688057,1664
2026-10-01T00:13:06Z,129768092435314,1122
2026-10-01T00:13:06Z,129784419746425,909
2026-10-01T00:13:06Z,129827112113663,5461
2026-10-01T00:13:06Z,129839966867899,611
2026-10-01T00:13:06Z,129866685202296,534
2026-10-01T00:13:06Z,129907317028750,1060
2026-10-01T00:13:06Z,129932912185311,915
2026-10-01T00:13:06Z,129938700249638,501
2026-10-01T00:13:06Z,129972079094718,1969
2026-10-01T00:13:06Z,130222697019939,744
2026-10-01T00:13:06Z,130253630950453,1183
2026-10-01T00:13:06Z,130404059693601,2976
2026-10-01T00:13:06Z,130496219537579,538
2026-10-01T00:13:06Z,130522875331172,950
2026-10-01T00:13:06Z,130565641176498,552
2026-10-01T00:13:06Z,130641102725850,555
2026-10-01T00:13:06Z,130700367963690,1839
2026-10-01T00:13:06Z,130739873848552,6850
2026-10-01T00:13:06Z,130880054413998,2382
2026-10-01T00:13:06Z,130929507719087,848
2026-10-01T00:13:06Z,130960835358983,2191
2026-10-01T00:13:06Z,131068932321596,804
2026-10-01T00:13:06Z,131103239963274,4307
2026-10-01T00:13:06Z,131117978948830,3374
2026-10-01T00:13:06Z,131320856116838,745
2026-10-01T00:13:06Z,131346454575416,8032
2026-10-01T00:13:06Z,131367064230486,799
2026-10-01T00:13:06Z,131378148336503,9285
2026-10-01T00:13:06Z,131479356121251,3688
2026-10-01T00:13:06Z,131572543049913,1040
2026-10-01T00:13:06Z,131623223084840,3418
2026-10-01T00:13:06Z,131667667758514,615
2026-10-01T00:13:06Z,132016691802922,766
2026-10-01T00:13:06Z,132046904416072,1409
2026-10-01T00:13:06Z,132173349090360,11341
2026-10-01T00:13:06Z,132239307080610,5234
2026-10-01T00:13:06Z,132287558697665,1563
2026-10-01T00:13:06Z,132352755769957,5606
2026-10-01T00:13:06Z,132499927511859,1148
2026-10-01T00:13:06Z,132586479415502,1848
2026-10-01T00:13:06Z,132640332499066,668
2026-10-01T00:13:06Z,132678066262863,1116
2026-10-01T00:13:06Z,132767904294856,9839
2026-10-01T00:13:06Z,132768098780837,3806
2026-10-01T00:13:06Z,133188236593503,512
2026-10-01T00:13:06Z,133203197541113,2028
2026-10-01T00:13:06Z,133253166104607,589
2026-10-01T00:13:06Z,133294838637122,4546
2026-10-01T00:13:06Z,133341016381877,1698
2026-10-01T00:13:06Z,133363783004873,1670
2026-10-01T00:13:06Z,133379826754141,1316
2026-10-01T00:13:06Z,133579701570149,579
2026-10-01T00:13:06Z,133585162751824,3738
2026-10-01T00:13:06Z,133719960214587,2027
2026-10-01T00:13:06Z,133832344745984,580
2026-10-01T00:13:06Z,133943904733338,1467
2026-10-01T00:13:06Z,133968315607063,572
2026-10-01T00:13:06Z,134091628988403,3841
2026-10-01T00:13:06Z,134162299584012,1962
2026-10-01T00:13:06Z,134208374070897,7698
2026-10-01T00:13:06Z,134361906638337,1532
2026-10-01T00:13:06Z,134363641369914,2321
2026-10-01T00:13:06Z,134381727982611,3809
2026-10-01T00:13:06Z,134424372433341,735
2026-10-01T00:13:06Z,134439648709984,833
2026-10-01T00:13:06Z,134459712190924,6635
2026-10-01T00:13:06Z,134558434771720,1024
2026-10-01T00:13:06Z,134619004688066,1084
2026-10-01T00:13:06Z,134679507313109,3755
2026-10-01T00:13:06Z,134707983960541,903
2026-10-01T00:13:06Z,134719268825886,2907
2026-10-01T00:13:06Z,134750290201751,567
2026-10-01T00:13:06Z,134807373415131,1835
2026-10-01T00:13:06Z,135000370479961,1894
2026-10-01T00:13:06Z,135038773889079,813
2026-10-01T00:13:06Z,135155039067698,2398
2026-10-01T00:13:06Z,135193469413243,6004
2026-10-01T00:13:06Z,135486323963203,709
2026-10-01T00:13:06Z,135535794227264,1153
2026-10-01T00:13:06Z,135619589726492,760
2026-10-01T00:13:06Z,135678396831347,1099
2026-10-01T00:13:06Z,135687112224956,681
2026-10-01T00:13:06Z,135717153770519,4030
2026-10-01T00:13:06Z,135757618941587,1341
2026-10-01T00:13:06Z,135856908115931,71085
2026-10-01T00:13:06Z,135860272218644,628
2026-10-01T00:13:06Z,136020512003847,7428
2026-10-01T00:13:06Z,136107936984073,535
2026-10-01T00:13:06Z,136404558442020,5815
2026-10-01T00:13:06Z,136431686349723,605
2026-10-01T00:13:06Z,136533956395153,1464
2026-10-01T00:13:06Z,136764190843219,2327
2026-10-01T00:13:06Z,136801880565837,1482
2026-10-01T00:13:06Z,136919941417380,538
2026-10-01T00:13:06Z,136990058242546,1649
2026-10-01T00:13:06Z,137228775845999,14108
2026-10-01T00:13:06Z,137233438285284,2749
2026-10-01T00:13:06Z,137287903930382,2321
2026-10-01T00:13:06Z,137370015275609,761
2026-10-01T00:13:06Z,137533474840546,2299
2026-10-01T00:13:06Z,137541498231955,1107
2026-10-01T00:13:06Z,137737622318848,4690
2026-10-01T00:13:06Z,137826330724902,3375
2026-10-01T00:13:06Z,137925884276740,3695
2026-10-01T00:13:06Z,138057930391823,506
2026-10-01T00:13:06Z,138110382920220,6246
2026-10-01T00:13:06Z,138182400257397,817
2026-10-01T00:13:06Z,138205182571367,5565
2026-10-01T00:13:06Z,138306279876500,570
2026-10-01T00:13:06Z,138363592957250,1486
2026-10-01T00:13:06Z,138381251771774,1110
2026-10-01T00:13:06Z,138432670504218,2022
2026-10-01T00:13:06Z,138486812747835,1724
2026-10-01T00:13:06Z,138837502355157,1554
2026-10-01T00:13:06Z,138860257448193,5605
2026-10-01T00:13:06Z,138949299666923,1276
2026-10-01T00:13:06Z,139020444733179,5327
2026-10-01T00:13:06Z,139063887391814,1085
2026-10-01T00:13:06Z,139208542491098,554
2026-10-01T00:13:06Z,139360679647453,1061
2026-10-01T00:13:06Z,139488437793833,746
2026-10-01T00:13:06Z,139506321380888,1659
2026-10-01T00:13:06Z,139546619723000,1076
2026-10-01T00:13:06Z,139598620873181,570
2026-10-01T00:13:06Z,139617346573330,2094
2026-10-01T00:13:06Z,139766023909499,966
2026-10-01T00:13:06Z,139874182509202,740
2026-10-01T00:13:06Z,139988436996662,1960
2026-10-01T00:13:06Z,139995416758538,1384
2026-10-01T00:13:06Z,140033502516293,617
2026-10-01T00:13:06Z,140302982046391,845
2026-10-01T00:13:06Z,140317247681516,1503
2026-10-01T00:13:06Z,140374914197602,1501
2026-10-01T00:13:06Z,140409475718339,1459
2026-10-01T00:13:06Z,140424985545402,1080
2026-10-01T00:13:06Z,140477643689375,1028
2026-10-01T00:13:06Z,140481779622210,1370
